{"cameraMode":{"drawMode":0,"name":"Shaded","section":"Shading Mode"},"sceneLighting":true,"audioPlay":false,"sceneViewState":{"showFog":true,"showMaterialUpdate":false,"showSkybox":true,"showFlares":true,"showImageEffects":true,"showParticleSystems":true},"in2DMode":false,"pivot":{"x":-0.04461802914738655,"y":1.7475653886795045,"z":-2.4671473503112795},"rotation":{"x":-0.0005834009498357773,"y":-0.04977511614561081,"z":-0.0000041882353798428088,"w":0.9987760782241821},"size":0.306953489780426,"orthographic":false}