{"cameraMode":{"drawMode":0,"name":"Shaded","section":"Shading Mode"},"sceneLighting":true,"audioPlay":false,"sceneViewState":{"showFog":true,"showMaterialUpdate":false,"showSkybox":true,"showFlares":true,"showImageEffects":true,"showParticleSystems":true},"in2DMode":false,"pivot":{"x":10.691650390625,"y":-0.0225274208933115,"z":-6.727046012878418},"rotation":{"x":0.0002910452021751553,"y":0.016800064593553544,"z":0.00005530702765099704,"w":-0.9999058246612549},"size":1.1734213829040528,"orthographic":false}