{"cameraMode":{"drawMode":0,"name":"Shaded","section":"Shading Mode"},"sceneLighting":true,"audioPlay":false,"sceneViewState":{"showFog":true,"showMaterialUpdate":false,"showSkybox":true,"showFlares":true,"showImageEffects":true,"showParticleSystems":true},"in2DMode":false,"pivot":{"x":10.278104782104493,"y":1.2997634410858155,"z":0.050133705139160159},"rotation":{"x":0.0473034493625164,"y":0.05690547078847885,"z":-0.0026987972669303419,"w":0.9972580671310425},"size":3.86399245262146,"orthographic":false}