{"cameraMode":{"drawMode":0,"name":"Shaded","section":"Shading Mode"},"sceneLighting":true,"audioPlay":false,"sceneViewState":{"showFog":true,"showMaterialUpdate":false,"showSkybox":true,"showFlares":true,"showImageEffects":true,"showParticleSystems":true},"in2DMode":false,"pivot":{"x":-0.8104100227355957,"y":0.7161730527877808,"z":0.25907421112060549},"rotation":{"x":-0.09826786071062088,"y":0.07515870779752732,"z":-0.007449953351169825,"w":-0.9923076629638672},"size":5.612988471984863,"orthographic":false}