{"cameraMode":{"drawMode":0,"name":"Shaded","section":"Shading Mode"},"sceneLighting":true,"audioPlay":false,"sceneViewState":{"showFog":true,"showMaterialUpdate":false,"showSkybox":true,"showFlares":true,"showImageEffects":true,"showParticleSystems":true},"in2DMode":false,"pivot":{"x":8.726366996765137,"y":0.032930467277765277,"z":-3.4641637802124025},"rotation":{"x":0.0053963554091751579,"y":-0.023997241631150247,"z":0.00012928467185702175,"w":0.9997003078460693},"size":2.4594831466674806,"orthographic":false}