{"cameraMode":{"drawMode":0,"name":"Shaded","section":"Shading Mode"},"sceneLighting":true,"audioPlay":false,"sceneViewState":{"showFog":true,"showMaterialUpdate":false,"showSkybox":true,"showFlares":true,"showImageEffects":true,"showParticleSystems":true},"in2DMode":false,"pivot":{"x":-0.5445526242256165,"y":1.3016189336776734,"z":-1.160776138305664},"rotation":{"x":-0.001207717228680849,"y":-0.012901472859084607,"z":0.000022781698135077022,"w":-0.9999513030052185},"size":8.469918251037598,"orthographic":false}