{"cameraMode":{"drawMode":0,"name":"Shaded","section":"Shading Mode"},"sceneLighting":true,"audioPlay":false,"sceneViewState":{"showFog":true,"showMaterialUpdate":false,"showSkybox":true,"showFlares":true,"showImageEffects":true,"showParticleSystems":true},"in2DMode":false,"pivot":{"x":11.132741928100586,"y":0.34327974915504458,"z":-6.712093353271484},"rotation":{"x":0.0002910452021751553,"y":0.016800064593553544,"z":0.00005530702765099704,"w":-0.9999058246612549},"size":1.1296443939208985,"orthographic":false}