{"cameraMode":{"drawMode":0,"name":"Shaded","section":"Shading Mode"},"sceneLighting":true,"audioPlay":false,"sceneViewState":{"showFog":true,"showMaterialUpdate":false,"showSkybox":true,"showFlares":true,"showImageEffects":true,"showParticleSystems":true},"in2DMode":false,"pivot":{"x":11.749710083007813,"y":0.867199718952179,"z":-1.0469578504562379},"rotation":{"x":-0.2321472018957138,"y":-0.15332236886024476,"z":0.03708337992429733,"w":-0.9598126411437988},"size":3.82004714012146,"orthographic":false}